id,created_at,updated_at,first_name,last_name,organization_id
1,2015-03-29 21:51:53.030315,2015-03-29 21:51:53.030315,Elizabeth,Lemon,8
2,2015-03-29 21:52:30.091404,2015-03-29 21:52:30.091404,Jack,Donaghy,8
3,2015-03-29 21:52:43.379086,2015-03-29 21:52:43.379086,Tracy,Jordan,8
4,2015-03-29 21:53:22.831445,2015-03-29 21:53:22.831445,Kenneth,Parcell,8
5,2015-03-29 21:53:47.852916,2015-03-29 21:53:47.852916,Peter,Hornberger,8
6,2015-03-29 21:54:09.229082,2015-03-29 21:54:09.229082,Don,Geiss,8
7,2015-03-29 21:54:44.638012,2015-03-29 21:54:44.638012,Dennis,Duffy,8
8,2015-03-29 21:55:10.881359,2015-03-29 21:55:10.881359,Nancy,Donovan,8
9,2015-03-29 21:55:51.080017,2015-03-29 21:55:51.080017,Jenna,Maroney,8
10,2015-03-29 21:56:10.13593,2015-03-29 21:56:10.13593,Frank,Rossitano,8
11,2015-03-29 21:56:53.712149,2015-03-29 21:56:53.712149,Jeffrey,Winger,4
12,2015-03-29 21:57:08.918104,2015-03-29 21:57:08.918104,Abed,Nadir,4
13,2015-03-29 21:57:22.572036,2015-03-29 21:57:22.572036,Troy,Barnes,4
14,2015-03-29 21:57:37.358806,2015-03-29 21:57:37.358806,Annie,Edison,4
15,2015-03-29 21:57:54.083558,2015-03-29 21:57:54.083558,Britta,Perry,4
16,2015-03-29 21:58:38.72947,2015-03-29 21:58:38.72947,Shirley,Bennett,4
17,2015-03-29 21:58:53.505735,2015-03-29 21:58:53.505735,Pierce,Hawthorne,4
18,2015-03-29 21:59:05.968967,2015-03-29 21:59:05.968967,Craig,Pelton,4
19,2015-03-29 21:59:15.833128,2015-03-29 21:59:15.833128,Ben,Change,4
20,2015-03-29 21:59:29.159575,2015-03-29 21:59:29.159575,Ian,Duncan,4
21,2015-03-29 21:59:47.775627,2015-03-29 21:59:47.775627,Alex,Osbourne,4
22,2015-03-29 22:00:03.306623,2015-03-29 22:00:03.306623,Buzz,Hickey,4
23,2015-03-29 22:00:21.597909,2015-03-29 22:00:21.597909,Leonard,Rodriguez,4
24,2015-03-29 22:01:09.887021,2015-03-29 22:01:09.887021,Michael,Bluth,6
25,2015-03-29 22:01:55.32344,2015-03-29 22:01:55.32344,J. Walter,Weatherman,6
26,2015-03-29 22:02:55.913407,2015-03-29 22:02:55.913407,George,Bluth,6
27,2015-03-29 22:03:16.852572,2015-03-29 22:03:16.852572,Tobias,Fünke,6
28,2015-03-29 22:03:40.447182,2015-03-29 22:03:40.447182,Maebe,Fünke,6
29,2015-03-29 22:04:02.653212,2015-03-29 22:04:02.653212,George-Michael,Bluth,6
31,2015-03-29 22:05:09.365793,2015-03-29 22:05:09.365793,Ann,Veal,6
32,2015-03-29 22:05:43.066433,2015-03-29 22:05:43.066433,Jack,Dorso,6
33,2015-03-29 22:06:11.269269,2015-03-29 22:06:11.269269,Barry,Zuckerkorn,6
34,2015-03-29 22:06:24.813313,2015-03-29 22:06:24.813313,Bob,Loblaw,6
35,2015-03-29 22:06:44.343462,2015-03-29 22:06:44.343462,Gob,Bluth,6
36,2015-03-29 22:06:54.821721,2015-03-29 22:06:54.821721,Buster,Bluth,6
37,2015-03-29 22:07:09.542362,2015-03-29 22:07:09.542362,Lucille,Bluth,6
38,2015-03-29 22:07:23.246536,2015-03-29 22:07:23.246536,Lucille,Austero,6
39,2015-03-29 22:07:56.485921,2015-03-29 22:07:56.485921,Ben,Roaman,1
40,2015-03-29 22:08:08.110552,2015-03-29 22:08:08.110552,Ashley,Ellis,1
41,2015-03-29 22:08:18.922185,2015-03-29 22:08:18.922185,Maria,Liberovsky,1
42,2015-03-29 22:08:37.936461,2015-03-29 22:08:37.936461,Nick,Foster,1
43,2015-03-29 22:08:52.887492,2015-03-29 22:08:52.887492,Clinton,Dreisbach,1
44,2015-03-29 22:09:05.063491,2015-03-29 22:09:05.063491,Chris,Davies,1
45,2015-03-29 22:09:16.25452,2015-03-29 22:09:16.25452,Mason,Matthews,1
46,2015-03-29 22:09:39.289864,2015-03-29 22:09:39.289864,Kelly,Murray,1
47,2015-03-29 22:10:11.729184,2015-03-29 22:10:11.729184,Lauren,Ellisberg,1
48,2015-03-29 22:10:41.027423,2015-03-29 22:10:41.027423,Barrel,Ellisberg,1
49,2015-03-29 22:10:55.381559,2015-03-29 22:10:55.381559,Ada,Roaman,1
50,2015-03-29 22:11:13.586204,2015-03-29 22:11:13.586204,Sullivan,Ellis,1
51,2015-03-29 22:11:28.361289,2015-03-29 22:11:28.361289,Jessica,Mitsch,1
52,2015-03-29 22:12:53.283954,2015-03-29 22:12:53.283954,James,McNulty,5
53,2015-03-29 22:13:07.297936,2015-03-29 22:13:07.297936,Cedric,Daniels,5
54,2015-03-29 22:13:21.57681,2015-03-29 22:13:21.57681,Avon,Barksdale,5
55,2015-03-29 22:13:34.608254,2015-03-29 22:13:34.608254,Bunk,Moreland,5
56,2015-03-29 22:13:52.493347,2015-03-29 22:13:52.493347,Russell,Bell,5
57,2015-03-29 22:14:06.024261,2015-03-29 22:14:06.024261,Kima,Greggs,5
58,2015-03-29 22:14:29.097339,2015-03-29 22:14:29.097339,Reginald,Cousins,5
59,2015-03-29 22:14:49.405798,2015-03-29 22:14:49.405798,Lester,Freamon,5
60,2015-03-29 22:15:03.88923,2015-03-29 22:15:03.88923,Omar,Little,5
61,2015-03-29 22:15:24.868117,2015-03-29 22:15:24.868117,Marlo,Stanfield,5
62,2015-03-29 22:15:49.795594,2015-03-29 22:15:49.795594,Thomas,Carcetti,5
63,2015-03-29 22:16:23.258282,2015-03-29 22:16:23.258282,Roland,Pryzbylewski,5
64,2015-03-29 22:16:39.57393,2015-03-29 22:16:39.57393,Ellis,Carver,5
65,2015-03-29 22:17:36.605235,2015-03-29 22:17:36.605235,Christopher,Hutcherson-Riddle,2
66,2015-03-29 22:17:47.806773,2015-03-29 22:17:47.806773,Tim,Lyons,2
67,2015-03-29 22:18:03.966874,2015-03-29 22:18:03.966874,Ryan,Bethea,2
68,2015-03-29 22:18:29.962363,2015-03-29 22:18:29.962363,Laura,Alibertandernie,2
69,2015-03-29 22:18:47.34921,2015-03-29 22:18:47.34921,Laura,Okerblom,2
70,2015-03-29 22:19:06.59191,2015-03-29 22:19:06.59191,Jenny,Mazzarino,2
71,2015-03-29 22:19:22.179028,2015-03-29 22:19:22.179028,Enrique,Martinez,2
72,2015-03-29 22:19:35.170855,2015-03-29 22:19:35.170855,Maurilio,Chavez,2
73,2015-03-29 22:19:49.97419,2015-03-29 22:19:49.97419,Keith,Cannon,2
74,2015-03-29 22:19:59.825879,2015-03-29 22:19:59.825879,Megan,Gavin,2
75,2015-03-29 22:20:12.409422,2015-03-29 22:20:12.409422,Keith,Stover,2
76,2015-03-29 22:20:30.699286,2015-03-29 22:20:30.699286,Sandy,Stover,2
77,2015-03-29 22:21:17.329379,2015-03-29 22:21:17.329379,Tim,Hooker,3
78,2015-03-29 22:21:38.57294,2015-03-29 22:21:38.57294,Bernard,Worthy,3
79,2015-03-29 22:21:52.266681,2015-03-29 22:21:52.266681,Thomas,Rau,3
80,2015-03-29 22:22:11.365356,2015-03-29 22:22:11.365356,Zach,Bradshaw,3
81,2015-03-29 22:22:30.934629,2015-03-29 22:22:30.934629,Bob,Erickson,3
82,2015-03-29 22:22:48.507938,2015-03-29 22:22:48.507938,Grace,Kohut,3
83,2015-03-29 22:23:25.450264,2015-03-29 22:23:25.450264,Paget,Fink,3
84,2015-03-29 22:23:39.93257,2015-03-29 22:23:39.93257,Ashley,Hightman,3
85,2015-03-29 22:23:54.857933,2015-03-29 22:23:54.857933,Elisha,Schwabauer,3
86,2015-03-29 22:24:33.605669,2015-03-29 22:24:33.605669,Aaron,Plourde,3
87,2015-03-29 22:24:54.485936,2015-03-29 22:24:54.485936,Todd,Groff,3
88,2015-03-29 22:25:25.976869,2015-03-29 22:25:25.976869,Lydia,Joslin,3
89,2015-03-29 22:25:46.582768,2015-03-29 22:25:46.582768,Ghengis,Rau,3
90,2015-03-29 22:26:46.489366,2015-03-29 22:26:46.489366,James,Parra,7
91,2015-03-29 22:27:00.557158,2015-03-29 22:27:00.557158,David,Amsalem,7
92,2015-03-29 22:27:13.503293,2015-03-29 22:27:13.503293,Daniel,Chavenson,7
93,2015-03-29 22:27:31.579414,2015-03-29 22:27:31.579414,Graham,Black,7
94,2015-03-29 22:27:46.238237,2015-03-29 22:27:46.238237,David,Oetting,7
95,2015-03-29 22:28:15.632516,2015-03-29 22:28:15.632516,David,Solorio,7
96,2015-03-29 22:28:37.913017,2015-03-29 22:28:37.913017,Meredith,Edmondson,7
97,2015-03-29 22:29:00.084789,2015-03-29 22:29:00.084789,Max,Levenson,7
98,2015-03-29 22:29:13.383345,2015-03-29 22:29:13.383345,Erika,Cober,7
99,2015-03-29 22:29:24.800398,2015-03-29 22:29:24.800398,Merritt,Gallo,7
100,2015-03-29 22:29:44.559136,2015-03-29 22:29:44.559136,Walker,Winkle,7
101,2015-03-29 22:29:57.985147,2015-03-29 22:29:57.985147,Donald,Robinson,7
